33Vx3lru_400x400.jpg,1,1,0
Immagine 2022-01-06 161126.jpg,0,0,0
Immagine 2022-01-06 161146.jpg,1,0,1
Immagine 2022-01-06 161351.jpg,1,0,0
Immagine 2022-01-06 161559.jpg,0,0,0
Immagine 2022-01-06 161657.jpg,0,0,0
Immagine 2022-01-09 153845.png,0,0,0
Immagine 2022-01-09 154051.png,0,0,0
Immagine 2022-01-09 154220.png,1,0,0
Immagine 2022-01-09 154242.png,0,0,1
Immagine 2022-01-09 154337.png,1,0,1
Immagine 2022-01-09 154647.png,1,0,1
Immagine 2022-01-09 162410.png,0,0,0
Immagine 2022-01-09 162536.png,0,0,0
Immagine 2022-01-09 162608.png,0,0,0
Noise.PNG,0,0,0
Noise10.PNG,0,1,1
Noise11.PNG,0,0,1
Noise12.PNG,0,0,0
Noise13.PNG,0,0,0
Noise14.PNG,0,0,0
Noise15.PNG,0,1,0
Noise16.PNG,0,0,1
Noise17.PNG,0,0,1
Noise20PNG.PNG,1,0,1
Noise25.PNG,0,0,0
Noise31.PNG,1,0,0
Noise33.PNG,0,0,1
Noise34.PNG,0,0,0
Noise43.PNG,0,0,0
Noise45.PNG,0,1,0
Noise46.PNG,0,0,0
Noise47.PNG,0,0,0
Noise48.PNG,0,0,0
Noise49.PNG,0,0,0
Noise5.PNG,1,0,0
Noise50.PNG,0,0,0
Noise51.PNG,0,0,0
noise52.PNG,0,0,0
Noise53.PNG,0,0,1
Noise54.PNG,0,0,0
Noise55.PNG,0,0,0
Noise56.PNG,0,0,0
Noise57.PNG,0,0,0
Noise58.PNG,0,1,0
Noise59.PNG,0,0,0
Noise60.PNG,0,1,1
Noise61.PNG,1,0,0
Noise62.PNG,0,0,0
Noise63.PNG,0,0,0
Noise64.PNG,0,0,0
Noise65.PNG,0,0,0
Noise66.PNG,0,0,1
Noise67.PNG,0,0,1
Noise68.PNG,0,0,0
Noise77PNG.PNG,0,0,0
Noise79.PNG,0,0,0
Noise8.PNG,1,0,0
Noise80.PNG,0,0,0
Noise81.PNG,0,0,0
Noise9.PNG,0,0,0
