49efb1d46030a1e2c13d0adde36bb75c.jpg,1,0,1
9.jpg,0,0,0
b2f8792a07944a8da72a7bb86bb944b6-kWlG-U314021647492490cE-656x492@Corriere-Web-Sezioni.jpg,1,0,0
brad_pitt_gaffe.jpg,0,0,0
Cattura1.PNG,1,0,0
Cattura11.PNG,1,0,0
Cattura12.PNG,0,0,0
Cattura13.PNG,0,0,0
Cattura14.PNG,0,0,0
Cattura20.PNG,0,0,0
Cattura3.PNG,1,0,1
Cattura30.PNG,1,0,1
Cattura33.PNG,0,0,0
Cattura36.PNG,0,0,1
Cattura37.PNG,0,0,0
Cattura4.PNG,1,0,0
Cattura45.PNG,0,1,0
Cattura46.PNG,1,0,1
Cattura47.PNG,0,0,0
Cattura48.PNG,0,0,0
Cattura6.PNG,1,0,0
Cattura8.PNG,0,0,0
download.jpg,0,0,0
images.jpg,0,0,0
IMG_9541.jpg,0,0,0
Immagine 1.jpg,0,0,0
Immagine 2022-01-06 160129.jpg,0,0,1
Immagine 2022-01-06 160717.jpg,0,0,0
Immagine 2022-01-06 161322.jpg,0,0,1
Immagine 2022-01-06 162649.jpg,0,0,1
Immagine 2022-01-06 162738.jpg,0,0,0
Immagine 2022-01-06 162911.jpg,0,0,0
Immagine 2022-01-06 163018.jpg,0,0,0
Immagine 2022-01-06 163238.jpg,0,0,0
Immagine 2022-01-06 163307.jpg,1,0,0
Immagine 2022-01-06 163635.jpg,0,0,0
Immagine 2022-01-06 164022.jpg,0,0,1
Immagine 2022-01-07 163743.jpg,0,0,0
Immagine 2022-01-07 163913.jpg,1,0,0
Immagine 2022-01-07 164007.jpg,0,0,0
Immagine 2022-01-07 164114.jpg,0,0,0
Immagine 2022-01-07 164141.jpg,0,0,0
Immagine 2022-01-07 164509.jpg,0,0,0
Immagine 2022-01-07 164716.jpg,0,1,0
Immagine 2022-01-07 165105.jpg,0,0,0
Immagine 2022-01-07 165430.jpg,1,1,0
Immagine 2022-01-07 165817.jpg,0,0,0
Immagine 2022-01-07 170127.jpg,0,0,0
Immagine 2022-01-09 153023.jpg,0,0,0
Immagine 2022-01-09 153109.jpg,0,0,0
Immagine 2022-01-09 153350.jpg,1,0,0
Immagine 2022-01-09 153408.jpg,0,1,1
Immagine 2022-01-09 153809.jpg,0,0,0
Immagine 2022-01-09 153926.jpg,0,0,0
Immagine 2022-01-09 153947.jpg,0,0,0
Immagine 2022-01-09 154533.jpg,0,0,0
Immagine 2022-01-09 154831.jpg,0,0,0
Immagine 2022-01-09 154947.jpg,0,1,0
iStock-588381000.jpg,0,0,0
nrm_1416637129-335d3aa1fe489c007ee07f54f07df1e9-katy-perry-smorfia.jpg,0,0,0
phalbm25379406.jpg,0,0,1
QH65YBESAUXW76MGLY7HIRLNQ4.jpg,0,0,0
