37054504-089d7a00-214d-11e8-8982-ca836f7a4460.jpg,0,0,0
artworks-gQEtBqa81wXJHso0-yNGj1Q-t500x500.jpg,0,0,0
Cattura17.PNG,0,1,1
Cattura42.PNG,0,0,0
Cattura43.PNG,0,1,0
Cattura44.PNG,0,0,0
Cattura49.PNG,1,0,0
Cattura50.PNG,0,0,0
Immagine 2022-01-06 161010.jpg,0,0,1
Immagine 2022-01-06 161438.jpg,0,0,0
Immagine 2022-01-06 161526.jpg,0,0,0
Immagine 2022-01-06 161842.jpg,0,1,0
Immagine 2022-01-06 161852.jpg,0,0,0
Immagine 2022-01-06 162053.jpg,0,0,0
Immagine 2022-01-06 163516.jpg,0,0,0
Immagine 2022-01-06 163903.jpg,0,0,0
Immagine 2022-01-09 153005.png,1,0,1
Immagine 2022-01-09 153255.png,0,0,0
Immagine 2022-01-09 153510.png,0,1,0
Immagine 2022-01-09 153625.png,0,0,1
Immagine 2022-01-09 153819.png,0,0,0
Immagine 2022-01-09 154113.png,0,0,1
Immagine 2022-01-09 154424.png,0,0,0
Immagine 2022-01-09 155604.png,0,1,1
Immagine 2022-01-09 155700.png,0,0,0
Immagine 2022-01-09 155725.png,0,1,0
Immagine 2022-01-09 155816.png,0,0,0
Immagine 2022-01-09 155949.png,0,0,0
Immagine 2022-01-09 160029.png,0,0,1
Immagine 2022-01-09 160055.png,0,0,0
Immagine 2022-01-09 160135.png,0,0,0
Immagine 2022-01-09 160147.png,0,1,0
Immagine 2022-01-09 160156.png,0,1,0
Immagine 2022-01-09 160212.png,0,0,0
Immagine 2022-01-09 160247.png,0,0,0
Immagine 2022-01-09 160350.png,0,1,1
Immagine 2022-01-09 160421.png,0,0,0
Immagine 2022-01-09 160540.png,0,0,0
Nois38.PNG,0,0,0
Noise18.PNG,0,0,1
Noise19.PNG,0,0,1
Noise2.PNG,1,0,0
Noise21.PNG,0,0,0
Noise22.PNG,0,0,0
Noise23.PNG,0,0,0
Noise24.PNG,0,1,0
Noise26.PNG,0,0,1
Noise27.PNG,0,1,0
Noise28.PNG,0,0,0
Noise29.PNG,0,0,0
Noise3.PNG,1,0,1
Noise30.PNG,0,0,0
Noise32.PNG,0,0,0
Noise35.PNG,0,0,0
Noise36.PNG,0,0,0
Noise37.PNG,0,0,0
Noise39.PNG,0,0,0
Noise4.PNG,0,0,0
Noise40.PNG,0,1,1
Noise41.PNG,0,0,1
Noise42.PNG,0,1,0
Noise44.PNG,0,0,0
Noise6.PNG,0,0,1
Noise69.PNG,0,0,0
Noise7.PNG,0,0,1
Noise70.PNG,0,0,0
Noise71.PNG,0,0,1
Noise72.PNG,0,0,0
Noise73.PNG,0,0,1
Noise74.PNG,0,0,0
Noise75.PNG,0,1,0
Noise76.PNG,0,0,0
trasferimento (2).jpg,0,1,0
trasferimento (3).jpg,0,0,1
trasferimento (4).jpg,0,0,1
trasferimento (5).jpg,0,0,1
x5f3pjDmbd9_zQ81RW3XklxIP_ySj-4Qi4amX3E3O_0.jpg,0,0,0
